session_id,user_id,session_time,utm_source,utm_medium,utm_campaign,landing_page,country,device_type
1000,500,2026-02-21 18:00:00,brand,direct,brand_search,/webinar,IE,desktop
1001,500,2026-02-24 18:00:00,google,cpc,global_eor_q1,/webinar,NL,desktop
1002,500,2026-02-27 12:00:00,webinar,event,global_hiring_event,/blog/global-payroll,UK,desktop
1003,501,2026-03-01 19:00:00,google,cpc,payroll_search_q1,/webinar,NL,desktop
1004,501,2026-03-04 17:00:00,organic,seo,none,/blog/global-payroll,NL,desktop
1005,501,2026-03-07 10:00:00,organic,seo,none,/blog/global-payroll,DE,mobile
1006,501,2026-03-10 12:00:00,organic,seo,none,/demo,DE,desktop
1007,502,2026-01-18 19:00:00,brand,direct,brand_search,/payroll,UK,desktop
1008,502,2026-01-21 11:00:00,google,cpc,payroll_search_q1,/blog/global-payroll,DE,desktop
1009,502,2026-01-24 10:00:00,partner,referral,partner_network,/eor,NL,desktop
1010,503,2026-01-02 13:00:00,linkedin,paid_social,remote_workforce_guide,/blog/global-payroll,UK,desktop
1011,503,2026-01-05 19:00:00,partner,referral,partner_network,/payroll,UK,mobile
1012,503,2026-01-08 15:00:00,organic,seo,none,/blog/global-payroll,IE,mobile
1013,503,2026-01-11 09:00:00,partner,referral,partner_network,/webinar,NL,desktop
1014,504,2026-03-01 16:00:00,organic,seo,none,/webinar,DE,desktop
1015,504,2026-03-04 16:00:00,google,cpc,payroll_search_q1,/eor,NL,desktop
1016,504,2026-03-07 10:00:00,google,cpc,global_eor_q1,/demo,DE,mobile
1017,504,2026-03-10 14:00:00,google,cpc,payroll_search_q1,/eor,NL,mobile
1018,505,2026-01-12 14:00:00,linkedin,paid_social,hr_leaders_demo,/webinar,DE,desktop
1019,505,2026-01-15 10:00:00,linkedin,paid_social,hr_leaders_demo,/demo,IE,mobile
1020,505,2026-01-18 12:00:00,partner,referral,partner_network,/payroll,DE,mobile
1021,505,2026-01-21 16:00:00,organic,seo,none,/payroll,UK,desktop
1022,506,2026-02-01 11:00:00,organic,seo,none,/webinar,NL,desktop
1023,506,2026-02-04 14:00:00,google,cpc,global_eor_q1,/demo,IE,desktop
1024,506,2026-02-07 18:00:00,google,cpc,global_eor_q1,/blog/global-payroll,UK,desktop
1025,507,2026-02-26 19:00:00,google,cpc,payroll_search_q1,/blog/global-payroll,NL,desktop
1026,507,2026-03-01 17:00:00,partner,referral,partner_network,/blog/global-payroll,IE,desktop
1027,508,2026-01-01 16:00:00,google,cpc,payroll_search_q1,/webinar,IE,desktop
1028,509,2026-01-08 12:00:00,organic,seo,none,/eor,DE,desktop
1029,509,2026-01-11 18:00:00,google,cpc,payroll_search_q1,/eor,NL,desktop
1030,510,2026-02-27 14:00:00,brand,direct,brand_search,/payroll,DE,desktop
1031,511,2026-02-25 08:00:00,google,cpc,payroll_search_q1,/payroll,NL,desktop
1032,512,2026-02-01 10:00:00,brand,direct,brand_search,/payroll,IE,desktop
1033,513,2026-01-06 11:00:00,google,cpc,global_eor_q1,/demo,NL,desktop
1034,513,2026-01-09 15:00:00,webinar,event,january_payroll_webinar,/blog/global-payroll,UK,desktop
1035,513,2026-01-12 08:00:00,organic,seo,none,/eor,NL,desktop
1036,513,2026-01-15 10:00:00,webinar,event,global_hiring_event,/blog/global-payroll,DE,desktop
1037,514,2026-01-03 11:00:00,partner,referral,partner_network,/blog/global-payroll,IE,desktop
1038,514,2026-01-06 09:00:00,linkedin,paid_social,remote_workforce_guide,/eor,DE,desktop
1039,515,2026-02-19 17:00:00,brand,direct,brand_search,/demo,DE,desktop
1040,516,2026-02-17 19:00:00,organic,seo,none,/eor,UK,mobile
1041,516,2026-02-20 12:00:00,brand,direct,brand_search,/webinar,NL,desktop
1042,517,2026-02-10 10:00:00,linkedin,paid_social,remote_workforce_guide,/eor,NL,mobile
1043,518,2026-01-08 15:00:00,webinar,event,global_hiring_event,/demo,NL,desktop
1044,519,2026-01-25 09:00:00,google,cpc,payroll_search_q1,/demo,NL,mobile
1045,519,2026-01-28 11:00:00,google,cpc,global_eor_q1,/webinar,NL,mobile
1046,519,2026-01-31 14:00:00,organic,seo,none,/demo,IE,desktop
1047,520,2026-01-12 13:00:00,organic,seo,none,/webinar,DE,mobile
1048,520,2026-01-15 09:00:00,organic,seo,none,/webinar,UK,desktop
1049,520,2026-01-18 08:00:00,webinar,event,january_payroll_webinar,/blog/global-payroll,IE,desktop
1050,520,2026-01-21 08:00:00,organic,seo,none,/eor,NL,mobile
1051,521,2026-02-15 10:00:00,brand,direct,brand_search,/blog/global-payroll,IE,mobile
1052,522,2026-02-18 10:00:00,organic,seo,none,/blog/global-payroll,IE,desktop
1053,523,2026-01-21 08:00:00,google,cpc,payroll_search_q1,/demo,NL,desktop
1054,524,2026-01-31 10:00:00,partner,referral,partner_network,/payroll,NL,desktop
1055,524,2026-02-03 18:00:00,linkedin,paid_social,remote_workforce_guide,/payroll,UK,mobile
1056,525,2026-01-09 14:00:00,webinar,event,january_payroll_webinar,/payroll,DE,desktop
1057,526,2026-01-25 19:00:00,organic,seo,none,/payroll,DE,desktop
1058,526,2026-01-28 08:00:00,webinar,event,global_hiring_event,/blog/global-payroll,DE,desktop
1059,527,2026-02-03 14:00:00,google,cpc,global_eor_q1,/demo,IE,desktop
1060,527,2026-02-06 13:00:00,brand,direct,brand_search,/payroll,UK,desktop
1061,527,2026-02-09 13:00:00,google,cpc,global_eor_q1,/demo,NL,desktop
1062,527,2026-02-12 19:00:00,partner,referral,partner_network,/blog/global-payroll,NL,desktop
1063,528,2026-01-06 11:00:00,google,cpc,payroll_search_q1,/demo,DE,desktop
1064,528,2026-01-09 09:00:00,google,cpc,payroll_search_q1,/payroll,UK,desktop
1065,528,2026-01-12 10:00:00,linkedin,paid_social,remote_workforce_guide,/payroll,DE,desktop
1066,528,2026-01-15 14:00:00,google,cpc,global_eor_q1,/eor,NL,desktop
1067,529,2026-02-27 09:00:00,google,cpc,payroll_search_q1,/eor,NL,mobile
1068,529,2026-03-02 14:00:00,organic,seo,none,/webinar,UK,mobile
1069,530,2026-01-12 10:00:00,organic,seo,none,/webinar,UK,desktop
1070,530,2026-01-15 12:00:00,google,cpc,global_eor_q1,/eor,UK,mobile
1071,530,2026-01-18 19:00:00,webinar,event,global_hiring_event,/payroll,UK,desktop
1072,531,2026-02-05 12:00:00,google,cpc,global_eor_q1,/payroll,UK,mobile
1073,531,2026-02-08 11:00:00,partner,referral,partner_network,/payroll,UK,mobile
1074,531,2026-02-11 15:00:00,organic,seo,none,/webinar,IE,desktop
1075,532,2026-01-16 08:00:00,organic,seo,none,/blog/global-payroll,NL,desktop
1076,532,2026-01-19 19:00:00,partner,referral,partner_network,/payroll,DE,desktop
1077,532,2026-01-22 10:00:00,organic,seo,none,/demo,IE,desktop
1078,532,2026-01-25 15:00:00,partner,referral,partner_network,/payroll,DE,desktop
1079,533,2026-01-12 09:00:00,google,cpc,global_eor_q1,/demo,UK,desktop
1080,534,2026-01-26 17:00:00,linkedin,paid_social,remote_workforce_guide,/payroll,UK,mobile
1081,535,2026-01-07 12:00:00,google,cpc,payroll_search_q1,/webinar,DE,mobile
1082,536,2026-01-25 16:00:00,partner,referral,partner_network,/blog/global-payroll,UK,desktop
1083,536,2026-01-28 10:00:00,organic,seo,none,/eor,DE,desktop
1084,536,2026-01-31 14:00:00,linkedin,paid_social,remote_workforce_guide,/webinar,NL,desktop
1085,536,2026-02-03 16:00:00,webinar,event,january_payroll_webinar,/eor,UK,mobile
1086,537,2026-01-20 13:00:00,partner,referral,partner_network,/webinar,DE,desktop
1087,537,2026-01-23 16:00:00,google,cpc,global_eor_q1,/blog/global-payroll,IE,desktop
1088,538,2026-01-31 10:00:00,brand,direct,brand_search,/payroll,DE,desktop
1089,538,2026-02-03 19:00:00,google,cpc,global_eor_q1,/blog/global-payroll,DE,desktop
1090,539,2026-01-23 14:00:00,webinar,event,january_payroll_webinar,/webinar,UK,mobile
1091,540,2026-01-31 10:00:00,google,cpc,global_eor_q1,/webinar,DE,mobile
1092,540,2026-02-03 16:00:00,brand,direct,brand_search,/payroll,UK,desktop
1093,541,2026-02-07 15:00:00,google,cpc,payroll_search_q1,/eor,UK,mobile
1094,542,2026-01-05 13:00:00,organic,seo,none,/demo,NL,desktop
1095,542,2026-01-08 11:00:00,linkedin,paid_social,hr_leaders_demo,/eor,IE,mobile
1096,543,2026-03-01 19:00:00,google,cpc,payroll_search_q1,/demo,UK,mobile
1097,543,2026-03-04 10:00:00,google,cpc,global_eor_q1,/webinar,UK,desktop
1098,544,2026-01-20 16:00:00,google,cpc,global_eor_q1,/eor,DE,desktop
1099,544,2026-01-23 19:00:00,brand,direct,brand_search,/eor,IE,mobile
1100,545,2026-02-22 19:00:00,brand,direct,brand_search,/webinar,NL,desktop
1101,545,2026-02-25 13:00:00,linkedin,paid_social,hr_leaders_demo,/demo,NL,desktop
1102,546,2026-01-19 09:00:00,brand,direct,brand_search,/eor,IE,desktop
1103,546,2026-01-22 12:00:00,organic,seo,none,/demo,NL,mobile
1104,546,2026-01-25 17:00:00,brand,direct,brand_search,/blog/global-payroll,NL,desktop
1105,547,2026-02-27 17:00:00,google,cpc,payroll_search_q1,/payroll,NL,desktop
1106,547,2026-03-02 16:00:00,google,cpc,payroll_search_q1,/demo,UK,desktop
1107,547,2026-03-05 12:00:00,linkedin,paid_social,remote_workforce_guide,/webinar,NL,desktop
1108,547,2026-03-08 10:00:00,google,cpc,global_eor_q1,/payroll,DE,mobile
1109,548,2026-01-25 15:00:00,linkedin,paid_social,remote_workforce_guide,/payroll,DE,desktop
1110,548,2026-01-28 08:00:00,google,cpc,payroll_search_q1,/eor,UK,mobile
1111,548,2026-01-31 12:00:00,google,cpc,payroll_search_q1,/eor,UK,mobile
1112,549,2026-01-13 16:00:00,google,cpc,global_eor_q1,/eor,IE,desktop
1113,550,2026-01-28 12:00:00,partner,referral,partner_network,/demo,IE,desktop
1114,550,2026-01-31 17:00:00,webinar,event,global_hiring_event,/demo,IE,desktop
1115,551,2026-02-15 11:00:00,linkedin,paid_social,remote_workforce_guide,/eor,IE,mobile
1116,552,2026-01-28 14:00:00,linkedin,paid_social,remote_workforce_guide,/payroll,UK,desktop
1117,552,2026-01-31 09:00:00,partner,referral,partner_network,/blog/global-payroll,IE,desktop
1118,553,2026-01-30 16:00:00,partner,referral,partner_network,/eor,NL,desktop
1119,554,2026-01-15 09:00:00,webinar,event,january_payroll_webinar,/demo,DE,desktop
1120,554,2026-01-18 13:00:00,google,cpc,payroll_search_q1,/payroll,UK,desktop
1121,554,2026-01-21 09:00:00,linkedin,paid_social,remote_workforce_guide,/eor,UK,desktop
1122,555,2026-03-01 17:00:00,linkedin,paid_social,hr_leaders_demo,/eor,IE,mobile
1123,555,2026-03-04 08:00:00,organic,seo,none,/payroll,IE,desktop
1124,555,2026-03-07 09:00:00,organic,seo,none,/webinar,UK,desktop
1125,556,2026-02-12 10:00:00,google,cpc,global_eor_q1,/eor,DE,desktop
1126,556,2026-02-15 13:00:00,google,cpc,payroll_search_q1,/blog/global-payroll,NL,desktop
1127,556,2026-02-18 10:00:00,linkedin,paid_social,hr_leaders_demo,/webinar,NL,desktop
1128,557,2026-02-20 12:00:00,google,cpc,payroll_search_q1,/blog/global-payroll,UK,desktop
1129,557,2026-02-23 08:00:00,google,cpc,global_eor_q1,/eor,NL,desktop
1130,558,2026-02-18 18:00:00,organic,seo,none,/eor,UK,mobile
1131,558,2026-02-21 15:00:00,organic,seo,none,/demo,DE,desktop
1132,559,2026-01-26 15:00:00,partner,referral,partner_network,/eor,DE,desktop
1133,560,2026-02-16 13:00:00,linkedin,paid_social,remote_workforce_guide,/payroll,NL,desktop
1134,560,2026-02-19 17:00:00,organic,seo,none,/demo,NL,desktop
1135,560,2026-02-22 14:00:00,webinar,event,global_hiring_event,/demo,DE,desktop
1136,561,2026-02-27 10:00:00,linkedin,paid_social,hr_leaders_demo,/eor,DE,desktop
1137,561,2026-03-02 16:00:00,google,cpc,global_eor_q1,/payroll,UK,desktop
1138,562,2026-01-13 11:00:00,organic,seo,none,/payroll,DE,desktop
1139,563,2026-02-16 13:00:00,organic,seo,none,/payroll,DE,mobile
1140,563,2026-02-19 10:00:00,linkedin,paid_social,remote_workforce_guide,/eor,IE,desktop
1141,564,2026-02-03 18:00:00,google,cpc,global_eor_q1,/webinar,IE,desktop
1142,564,2026-02-06 13:00:00,google,cpc,payroll_search_q1,/blog/global-payroll,UK,desktop
1143,565,2026-01-30 14:00:00,google,cpc,global_eor_q1,/demo,DE,desktop
1144,565,2026-02-02 15:00:00,webinar,event,january_payroll_webinar,/payroll,NL,mobile
1145,566,2026-01-15 08:00:00,partner,referral,partner_network,/demo,UK,mobile
1146,566,2026-01-18 15:00:00,organic,seo,none,/payroll,DE,mobile
1147,566,2026-01-21 17:00:00,google,cpc,payroll_search_q1,/blog/global-payroll,DE,desktop
1148,566,2026-01-24 19:00:00,webinar,event,january_payroll_webinar,/eor,UK,mobile
1149,567,2026-02-06 11:00:00,organic,seo,none,/webinar,DE,desktop
1150,567,2026-02-09 15:00:00,linkedin,paid_social,remote_workforce_guide,/webinar,DE,desktop
1151,568,2026-01-13 11:00:00,webinar,event,january_payroll_webinar,/webinar,IE,mobile
1152,568,2026-01-16 15:00:00,organic,seo,none,/demo,UK,desktop
1153,569,2026-03-01 12:00:00,brand,direct,brand_search,/demo,IE,desktop
1154,570,2026-02-04 13:00:00,brand,direct,brand_search,/blog/global-payroll,NL,mobile
1155,570,2026-02-07 12:00:00,partner,referral,partner_network,/blog/global-payroll,UK,mobile
1156,570,2026-02-10 10:00:00,google,cpc,global_eor_q1,/payroll,UK,desktop
1157,571,2026-02-11 15:00:00,linkedin,paid_social,remote_workforce_guide,/demo,IE,desktop
1158,572,2026-01-15 08:00:00,organic,seo,none,/eor,DE,desktop
1159,572,2026-01-18 15:00:00,organic,seo,none,/demo,DE,desktop
1160,572,2026-01-21 14:00:00,brand,direct,brand_search,/demo,NL,desktop
1161,573,2026-01-15 08:00:00,partner,referral,partner_network,/blog/global-payroll,UK,mobile
1162,573,2026-01-18 13:00:00,webinar,event,january_payroll_webinar,/eor,IE,desktop
1163,573,2026-01-21 11:00:00,webinar,event,global_hiring_event,/payroll,UK,desktop
1164,573,2026-01-24 13:00:00,webinar,event,global_hiring_event,/webinar,DE,desktop
1165,574,2026-01-24 15:00:00,organic,seo,none,/webinar,IE,desktop
1166,575,2026-02-14 10:00:00,webinar,event,january_payroll_webinar,/blog/global-payroll,NL,mobile
1167,575,2026-02-17 11:00:00,organic,seo,none,/demo,UK,mobile
1168,575,2026-02-20 15:00:00,organic,seo,none,/payroll,UK,desktop
1169,575,2026-02-23 15:00:00,brand,direct,brand_search,/payroll,IE,desktop
1170,576,2026-03-01 19:00:00,organic,seo,none,/blog/global-payroll,NL,desktop
1171,576,2026-03-04 15:00:00,brand,direct,brand_search,/payroll,IE,desktop
1172,576,2026-03-07 13:00:00,organic,seo,none,/demo,IE,desktop
1173,576,2026-03-10 18:00:00,partner,referral,partner_network,/eor,UK,desktop
1174,577,2026-02-15 14:00:00,google,cpc,global_eor_q1,/eor,DE,desktop
1175,577,2026-02-18 12:00:00,google,cpc,global_eor_q1,/eor,IE,desktop
1176,578,2026-02-26 16:00:00,google,cpc,global_eor_q1,/blog/global-payroll,IE,mobile
1177,578,2026-03-01 14:00:00,brand,direct,brand_search,/payroll,DE,mobile
1178,578,2026-03-04 18:00:00,organic,seo,none,/demo,NL,mobile
1179,578,2026-03-07 16:00:00,google,cpc,global_eor_q1,/blog/global-payroll,UK,desktop
1180,579,2026-02-18 18:00:00,webinar,event,global_hiring_event,/payroll,NL,desktop
1181,580,2026-01-07 16:00:00,brand,direct,brand_search,/eor,NL,desktop
1182,581,2026-02-09 08:00:00,organic,seo,none,/webinar,UK,mobile
1183,581,2026-02-12 10:00:00,google,cpc,payroll_search_q1,/webinar,IE,desktop
1184,581,2026-02-15 15:00:00,organic,seo,none,/demo,UK,desktop
1185,581,2026-02-18 09:00:00,webinar,event,global_hiring_event,/blog/global-payroll,IE,desktop
1186,582,2026-02-20 08:00:00,google,cpc,payroll_search_q1,/webinar,DE,mobile
1187,582,2026-02-23 17:00:00,linkedin,paid_social,hr_leaders_demo,/payroll,NL,mobile
1188,583,2026-01-28 14:00:00,partner,referral,partner_network,/webinar,NL,desktop
1189,583,2026-01-31 15:00:00,google,cpc,global_eor_q1,/demo,DE,desktop
1190,583,2026-02-03 12:00:00,google,cpc,global_eor_q1,/demo,IE,desktop
1191,584,2026-02-03 15:00:00,partner,referral,partner_network,/demo,NL,desktop
1192,584,2026-02-06 12:00:00,webinar,event,global_hiring_event,/payroll,DE,desktop
1193,584,2026-02-09 12:00:00,webinar,event,january_payroll_webinar,/webinar,DE,desktop
1194,584,2026-02-12 09:00:00,linkedin,paid_social,hr_leaders_demo,/webinar,NL,desktop
1195,585,2026-01-02 14:00:00,linkedin,paid_social,remote_workforce_guide,/blog/global-payroll,IE,desktop
1196,585,2026-01-05 16:00:00,webinar,event,global_hiring_event,/webinar,NL,desktop
1197,585,2026-01-08 19:00:00,brand,direct,brand_search,/eor,UK,desktop
1198,586,2026-02-15 08:00:00,organic,seo,none,/payroll,DE,desktop
1199,586,2026-02-18 09:00:00,webinar,event,january_payroll_webinar,/eor,DE,desktop
1200,586,2026-02-21 11:00:00,organic,seo,none,/payroll,UK,mobile
1201,587,2026-01-23 13:00:00,webinar,event,global_hiring_event,/webinar,UK,desktop
1202,587,2026-01-26 08:00:00,linkedin,paid_social,hr_leaders_demo,/eor,UK,mobile
1203,588,2026-02-22 12:00:00,google,cpc,global_eor_q1,/eor,DE,mobile
1204,588,2026-02-25 19:00:00,organic,seo,none,/webinar,IE,desktop
1205,588,2026-02-28 08:00:00,organic,seo,none,/payroll,IE,desktop
1206,589,2026-02-15 19:00:00,google,cpc,payroll_search_q1,/demo,IE,desktop
1207,589,2026-02-18 17:00:00,organic,seo,none,/webinar,IE,mobile
1208,590,2026-02-05 14:00:00,webinar,event,global_hiring_event,/demo,UK,desktop
1209,590,2026-02-08 13:00:00,webinar,event,global_hiring_event,/webinar,NL,desktop
1210,590,2026-02-11 11:00:00,google,cpc,global_eor_q1,/demo,NL,desktop
1211,591,2026-02-28 09:00:00,organic,seo,none,/eor,UK,desktop
1212,591,2026-03-03 15:00:00,linkedin,paid_social,hr_leaders_demo,/eor,IE,mobile
1213,592,2026-02-11 10:00:00,organic,seo,none,/demo,UK,mobile
1214,592,2026-02-14 13:00:00,webinar,event,global_hiring_event,/blog/global-payroll,DE,desktop
1215,592,2026-02-17 08:00:00,partner,referral,partner_network,/webinar,IE,mobile
1216,592,2026-02-20 19:00:00,linkedin,paid_social,remote_workforce_guide,/demo,NL,desktop
1217,593,2026-01-23 13:00:00,webinar,event,global_hiring_event,/eor,UK,desktop
1218,594,2026-02-28 17:00:00,brand,direct,brand_search,/payroll,NL,mobile
1219,594,2026-03-03 12:00:00,google,cpc,payroll_search_q1,/payroll,DE,desktop
1220,594,2026-03-06 16:00:00,webinar,event,january_payroll_webinar,/payroll,DE,mobile
1221,595,2026-01-31 14:00:00,partner,referral,partner_network,/demo,UK,desktop
1222,595,2026-02-03 15:00:00,organic,seo,none,/demo,NL,desktop
1223,596,2026-01-03 15:00:00,webinar,event,global_hiring_event,/blog/global-payroll,DE,desktop
1224,596,2026-01-06 13:00:00,organic,seo,none,/eor,IE,desktop
1225,597,2026-02-14 09:00:00,organic,seo,none,/demo,UK,mobile
1226,597,2026-02-17 09:00:00,google,cpc,payroll_search_q1,/demo,DE,mobile
1227,597,2026-02-20 08:00:00,linkedin,paid_social,hr_leaders_demo,/webinar,NL,desktop
1228,597,2026-02-23 16:00:00,partner,referral,partner_network,/payroll,UK,desktop
1229,598,2026-01-20 08:00:00,webinar,event,january_payroll_webinar,/webinar,UK,desktop
1230,598,2026-01-23 09:00:00,partner,referral,partner_network,/webinar,IE,desktop
1231,598,2026-01-26 16:00:00,brand,direct,brand_search,/eor,IE,desktop
1232,599,2026-02-28 12:00:00,brand,direct,brand_search,/demo,NL,desktop
1233,599,2026-03-03 15:00:00,partner,referral,partner_network,/demo,UK,desktop
1234,599,2026-03-06 11:00:00,google,cpc,payroll_search_q1,/demo,NL,mobile
1235,599,2026-03-09 12:00:00,organic,seo,none,/demo,IE,desktop
1236,600,2026-02-03 16:00:00,linkedin,paid_social,hr_leaders_demo,/payroll,DE,mobile
1237,600,2026-02-06 13:00:00,partner,referral,partner_network,/eor,IE,mobile
1238,600,2026-02-09 18:00:00,brand,direct,brand_search,/payroll,DE,mobile
1239,601,2026-01-17 10:00:00,google,cpc,payroll_search_q1,/webinar,NL,mobile
1240,601,2026-01-20 11:00:00,google,cpc,payroll_search_q1,/webinar,UK,desktop
1241,602,2026-01-03 16:00:00,linkedin,paid_social,hr_leaders_demo,/eor,UK,mobile
1242,602,2026-01-06 15:00:00,partner,referral,partner_network,/eor,IE,mobile
1243,602,2026-01-09 19:00:00,linkedin,paid_social,hr_leaders_demo,/demo,IE,desktop
1244,602,2026-01-12 12:00:00,organic,seo,none,/blog/global-payroll,NL,desktop
1245,603,2026-01-13 15:00:00,partner,referral,partner_network,/webinar,NL,desktop
1246,604,2026-02-27 15:00:00,organic,seo,none,/payroll,NL,desktop
1247,604,2026-03-02 13:00:00,linkedin,paid_social,remote_workforce_guide,/demo,NL,desktop
1248,604,2026-03-05 18:00:00,partner,referral,partner_network,/eor,IE,mobile
1249,605,2026-02-22 18:00:00,webinar,event,global_hiring_event,/blog/global-payroll,DE,mobile
1250,606,2026-02-27 14:00:00,organic,seo,none,/payroll,UK,mobile
1251,607,2026-01-30 09:00:00,brand,direct,brand_search,/blog/global-payroll,UK,mobile
1252,608,2026-01-12 18:00:00,google,cpc,global_eor_q1,/eor,IE,desktop
1253,609,2026-03-01 10:00:00,google,cpc,payroll_search_q1,/demo,UK,desktop
1254,609,2026-03-04 09:00:00,linkedin,paid_social,hr_leaders_demo,/blog/global-payroll,NL,desktop
1255,610,2026-01-29 11:00:00,webinar,event,global_hiring_event,/blog/global-payroll,UK,mobile
1256,611,2026-01-17 08:00:00,webinar,event,global_hiring_event,/eor,UK,desktop
1257,611,2026-01-20 09:00:00,google,cpc,payroll_search_q1,/webinar,NL,mobile
1258,611,2026-01-23 19:00:00,google,cpc,global_eor_q1,/webinar,DE,mobile
1259,611,2026-01-26 10:00:00,linkedin,paid_social,hr_leaders_demo,/payroll,DE,desktop
1260,612,2026-02-03 08:00:00,brand,direct,brand_search,/demo,IE,mobile
1261,612,2026-02-06 18:00:00,organic,seo,none,/blog/global-payroll,NL,desktop
1262,613,2026-01-20 18:00:00,webinar,event,january_payroll_webinar,/eor,UK,desktop
1263,613,2026-01-23 12:00:00,linkedin,paid_social,hr_leaders_demo,/webinar,DE,mobile
1264,614,2026-02-26 18:00:00,linkedin,paid_social,hr_leaders_demo,/payroll,NL,mobile
1265,614,2026-03-01 10:00:00,webinar,event,global_hiring_event,/eor,IE,mobile
1266,614,2026-03-04 19:00:00,organic,seo,none,/demo,NL,desktop
1267,615,2026-01-17 15:00:00,google,cpc,global_eor_q1,/demo,UK,desktop
1268,616,2026-01-03 19:00:00,webinar,event,january_payroll_webinar,/blog/global-payroll,UK,desktop
1269,616,2026-01-06 16:00:00,webinar,event,global_hiring_event,/eor,UK,desktop
1270,616,2026-01-09 13:00:00,linkedin,paid_social,remote_workforce_guide,/eor,NL,desktop
1271,617,2026-02-22 15:00:00,linkedin,paid_social,remote_workforce_guide,/demo,NL,desktop
1272,617,2026-02-25 09:00:00,google,cpc,payroll_search_q1,/payroll,UK,mobile
1273,618,2026-02-01 16:00:00,webinar,event,january_payroll_webinar,/blog/global-payroll,UK,mobile
1274,618,2026-02-04 10:00:00,webinar,event,global_hiring_event,/eor,IE,desktop
1275,619,2026-02-01 13:00:00,google,cpc,payroll_search_q1,/blog/global-payroll,NL,desktop
1276,619,2026-02-04 09:00:00,webinar,event,global_hiring_event,/eor,UK,desktop
1277,620,2026-01-13 11:00:00,google,cpc,payroll_search_q1,/payroll,UK,desktop
1278,621,2026-02-27 09:00:00,partner,referral,partner_network,/payroll,DE,desktop
1279,621,2026-03-02 10:00:00,brand,direct,brand_search,/demo,UK,desktop
1280,622,2026-02-08 16:00:00,organic,seo,none,/payroll,NL,mobile
1281,623,2026-01-28 18:00:00,partner,referral,partner_network,/demo,NL,desktop
1282,623,2026-01-31 13:00:00,organic,seo,none,/payroll,DE,desktop
1283,624,2026-03-01 18:00:00,webinar,event,global_hiring_event,/blog/global-payroll,DE,desktop
1284,625,2026-02-14 10:00:00,organic,seo,none,/blog/global-payroll,IE,desktop
1285,626,2026-02-22 10:00:00,webinar,event,global_hiring_event,/payroll,UK,mobile
1286,626,2026-02-25 15:00:00,google,cpc,global_eor_q1,/demo,DE,desktop
1287,626,2026-02-28 13:00:00,linkedin,paid_social,hr_leaders_demo,/eor,DE,desktop
1288,627,2026-01-21 15:00:00,webinar,event,global_hiring_event,/webinar,NL,mobile
1289,627,2026-01-24 19:00:00,webinar,event,global_hiring_event,/payroll,IE,desktop
1290,628,2026-02-05 09:00:00,google,cpc,payroll_search_q1,/blog/global-payroll,UK,desktop
1291,629,2026-01-06 10:00:00,webinar,event,january_payroll_webinar,/payroll,UK,desktop
1292,629,2026-01-09 09:00:00,linkedin,paid_social,remote_workforce_guide,/webinar,DE,desktop
1293,629,2026-01-12 11:00:00,webinar,event,global_hiring_event,/payroll,NL,desktop
1294,629,2026-01-15 12:00:00,organic,seo,none,/webinar,UK,desktop
1295,630,2026-02-23 15:00:00,partner,referral,partner_network,/eor,NL,desktop
1296,630,2026-02-26 18:00:00,google,cpc,global_eor_q1,/eor,NL,desktop
1297,631,2026-01-05 15:00:00,linkedin,paid_social,remote_workforce_guide,/blog/global-payroll,IE,desktop
1298,632,2026-01-11 13:00:00,partner,referral,partner_network,/payroll,IE,desktop
1299,632,2026-01-14 08:00:00,partner,referral,partner_network,/webinar,NL,desktop
1300,632,2026-01-17 16:00:00,brand,direct,brand_search,/blog/global-payroll,NL,desktop
1301,633,2026-02-16 12:00:00,webinar,event,january_payroll_webinar,/eor,NL,mobile
1302,634,2026-02-16 19:00:00,partner,referral,partner_network,/demo,IE,desktop
1303,634,2026-02-19 16:00:00,brand,direct,brand_search,/webinar,NL,desktop
1304,634,2026-02-22 10:00:00,organic,seo,none,/webinar,IE,desktop
1305,634,2026-02-25 10:00:00,google,cpc,payroll_search_q1,/blog/global-payroll,UK,desktop
1306,635,2026-01-24 09:00:00,webinar,event,january_payroll_webinar,/payroll,IE,mobile
1307,635,2026-01-27 18:00:00,organic,seo,none,/payroll,DE,desktop
1308,636,2026-01-23 11:00:00,google,cpc,payroll_search_q1,/payroll,UK,mobile
1309,636,2026-01-26 12:00:00,google,cpc,global_eor_q1,/webinar,NL,desktop
1310,636,2026-01-29 09:00:00,brand,direct,brand_search,/eor,DE,mobile
1311,636,2026-02-01 09:00:00,linkedin,paid_social,remote_workforce_guide,/eor,UK,mobile
1312,637,2026-02-18 15:00:00,google,cpc,global_eor_q1,/blog/global-payroll,IE,desktop
1313,637,2026-02-21 12:00:00,brand,direct,brand_search,/webinar,IE,desktop
1314,637,2026-02-24 09:00:00,webinar,event,global_hiring_event,/eor,IE,desktop
1315,637,2026-02-27 16:00:00,partner,referral,partner_network,/webinar,IE,desktop
1316,638,2026-01-04 13:00:00,webinar,event,global_hiring_event,/blog/global-payroll,UK,desktop
1317,638,2026-01-07 16:00:00,brand,direct,brand_search,/demo,IE,mobile
1318,638,2026-01-10 13:00:00,google,cpc,global_eor_q1,/eor,IE,desktop
1319,639,2026-02-27 12:00:00,linkedin,paid_social,hr_leaders_demo,/blog/global-payroll,IE,desktop
1320,639,2026-03-02 08:00:00,google,cpc,global_eor_q1,/blog/global-payroll,UK,desktop
1321,639,2026-03-05 17:00:00,organic,seo,none,/payroll,UK,desktop
1322,639,2026-03-08 15:00:00,organic,seo,none,/payroll,UK,mobile
1323,640,2026-01-26 12:00:00,google,cpc,payroll_search_q1,/webinar,DE,desktop
1324,641,2026-02-12 13:00:00,webinar,event,global_hiring_event,/payroll,NL,mobile
1325,641,2026-02-15 14:00:00,google,cpc,global_eor_q1,/webinar,NL,mobile
1326,641,2026-02-18 10:00:00,webinar,event,january_payroll_webinar,/blog/global-payroll,IE,desktop
1327,642,2026-02-03 11:00:00,google,cpc,payroll_search_q1,/webinar,NL,desktop
1328,642,2026-02-06 19:00:00,brand,direct,brand_search,/demo,NL,desktop
1329,642,2026-02-09 09:00:00,organic,seo,none,/payroll,IE,mobile
1330,643,2026-01-25 14:00:00,organic,seo,none,/blog/global-payroll,UK,mobile
1331,643,2026-01-28 15:00:00,google,cpc,global_eor_q1,/payroll,IE,desktop
1332,644,2026-01-20 14:00:00,organic,seo,none,/eor,NL,desktop
1333,644,2026-01-23 18:00:00,organic,seo,none,/webinar,DE,desktop
1334,644,2026-01-26 19:00:00,organic,seo,none,/eor,UK,desktop
1335,644,2026-01-29 17:00:00,organic,seo,none,/eor,IE,mobile
1336,645,2026-01-16 18:00:00,organic,seo,none,/webinar,NL,desktop
1337,645,2026-01-19 19:00:00,partner,referral,partner_network,/payroll,IE,desktop
1338,645,2026-01-22 08:00:00,organic,seo,none,/payroll,IE,desktop
1339,645,2026-01-25 09:00:00,webinar,event,january_payroll_webinar,/webinar,IE,desktop
1340,646,2026-01-15 14:00:00,google,cpc,payroll_search_q1,/demo,UK,desktop
1341,647,2026-02-26 09:00:00,organic,seo,none,/demo,DE,desktop
1342,648,2026-02-11 14:00:00,linkedin,paid_social,hr_leaders_demo,/eor,DE,mobile
1343,648,2026-02-14 10:00:00,google,cpc,payroll_search_q1,/payroll,UK,desktop
1344,648,2026-02-17 11:00:00,linkedin,paid_social,remote_workforce_guide,/webinar,IE,desktop
1345,649,2026-01-08 13:00:00,linkedin,paid_social,hr_leaders_demo,/blog/global-payroll,IE,desktop
1346,650,2026-03-01 18:00:00,partner,referral,partner_network,/webinar,NL,mobile
1347,650,2026-03-04 13:00:00,webinar,event,global_hiring_event,/webinar,UK,desktop
1348,651,2026-01-02 09:00:00,brand,direct,brand_search,/eor,DE,mobile
1349,651,2026-01-05 15:00:00,organic,seo,none,/blog/global-payroll,UK,mobile
1350,652,2026-01-29 16:00:00,webinar,event,january_payroll_webinar,/payroll,UK,desktop
1351,653,2026-01-16 19:00:00,google,cpc,payroll_search_q1,/blog/global-payroll,DE,mobile
1352,653,2026-01-19 19:00:00,google,cpc,global_eor_q1,/webinar,NL,mobile
1353,653,2026-01-22 16:00:00,organic,seo,none,/webinar,NL,desktop
1354,654,2026-01-08 08:00:00,webinar,event,january_payroll_webinar,/blog/global-payroll,UK,desktop
1355,654,2026-01-11 11:00:00,google,cpc,global_eor_q1,/payroll,IE,desktop
1356,655,2026-01-02 16:00:00,brand,direct,brand_search,/eor,DE,mobile
1357,656,2026-01-23 09:00:00,brand,direct,brand_search,/demo,UK,desktop
1358,656,2026-01-26 12:00:00,brand,direct,brand_search,/blog/global-payroll,UK,desktop
1359,657,2026-02-11 10:00:00,organic,seo,none,/payroll,UK,mobile
1360,658,2026-01-16 16:00:00,google,cpc,global_eor_q1,/webinar,DE,desktop
1361,658,2026-01-19 09:00:00,webinar,event,global_hiring_event,/blog/global-payroll,UK,desktop
1362,658,2026-01-22 16:00:00,partner,referral,partner_network,/webinar,UK,desktop
1363,659,2026-01-14 13:00:00,google,cpc,payroll_search_q1,/webinar,NL,desktop
1364,659,2026-01-17 16:00:00,linkedin,paid_social,hr_leaders_demo,/webinar,UK,desktop
1365,659,2026-01-20 16:00:00,google,cpc,global_eor_q1,/blog/global-payroll,IE,desktop
1366,660,2026-02-01 11:00:00,organic,seo,none,/payroll,IE,desktop
1367,660,2026-02-04 18:00:00,organic,seo,none,/payroll,NL,desktop
1368,660,2026-02-07 12:00:00,linkedin,paid_social,hr_leaders_demo,/payroll,UK,desktop
1369,660,2026-02-10 09:00:00,organic,seo,none,/webinar,DE,desktop
1370,661,2026-01-23 10:00:00,google,cpc,global_eor_q1,/eor,NL,desktop
1371,662,2026-01-07 19:00:00,webinar,event,january_payroll_webinar,/blog/global-payroll,NL,mobile
1372,662,2026-01-10 14:00:00,partner,referral,partner_network,/blog/global-payroll,NL,desktop
1373,662,2026-01-13 13:00:00,webinar,event,january_payroll_webinar,/payroll,DE,mobile
1374,663,2026-02-04 19:00:00,linkedin,paid_social,remote_workforce_guide,/webinar,IE,mobile
1375,663,2026-02-07 09:00:00,google,cpc,payroll_search_q1,/demo,IE,desktop
1376,663,2026-02-10 17:00:00,linkedin,paid_social,hr_leaders_demo,/payroll,NL,desktop
1377,664,2026-01-13 09:00:00,google,cpc,global_eor_q1,/webinar,IE,mobile
1378,665,2026-02-01 10:00:00,organic,seo,none,/eor,NL,desktop
1379,666,2026-02-21 12:00:00,linkedin,paid_social,remote_workforce_guide,/blog/global-payroll,UK,desktop
1380,667,2026-01-18 16:00:00,organic,seo,none,/webinar,NL,mobile
1381,667,2026-01-21 17:00:00,linkedin,paid_social,hr_leaders_demo,/eor,IE,desktop
1382,667,2026-01-24 16:00:00,webinar,event,january_payroll_webinar,/payroll,NL,desktop
1383,667,2026-01-27 09:00:00,linkedin,paid_social,remote_workforce_guide,/blog/global-payroll,NL,desktop
1384,668,2026-02-24 18:00:00,webinar,event,global_hiring_event,/eor,DE,mobile
1385,668,2026-02-27 10:00:00,organic,seo,none,/webinar,NL,mobile
1386,668,2026-03-02 15:00:00,linkedin,paid_social,hr_leaders_demo,/eor,DE,mobile
1387,669,2026-02-20 15:00:00,google,cpc,global_eor_q1,/webinar,NL,mobile
1388,670,2026-01-31 18:00:00,linkedin,paid_social,remote_workforce_guide,/demo,DE,mobile
1389,670,2026-02-03 17:00:00,linkedin,paid_social,hr_leaders_demo,/webinar,UK,mobile
1390,671,2026-01-10 19:00:00,google,cpc,global_eor_q1,/eor,IE,desktop
1391,671,2026-01-13 08:00:00,google,cpc,payroll_search_q1,/blog/global-payroll,UK,desktop
1392,671,2026-01-16 14:00:00,brand,direct,brand_search,/payroll,UK,mobile
1393,671,2026-01-19 15:00:00,linkedin,paid_social,remote_workforce_guide,/webinar,IE,mobile
1394,672,2026-02-01 09:00:00,organic,seo,none,/demo,UK,desktop
1395,672,2026-02-04 14:00:00,brand,direct,brand_search,/eor,IE,desktop
1396,672,2026-02-07 17:00:00,organic,seo,none,/eor,UK,mobile
1397,672,2026-02-10 12:00:00,google,cpc,payroll_search_q1,/demo,UK,desktop
1398,673,2026-02-04 14:00:00,webinar,event,january_payroll_webinar,/eor,NL,mobile
1399,674,2026-01-21 12:00:00,webinar,event,global_hiring_event,/blog/global-payroll,NL,desktop
1400,674,2026-01-24 18:00:00,organic,seo,none,/eor,UK,desktop
1401,675,2026-01-18 12:00:00,google,cpc,global_eor_q1,/blog/global-payroll,DE,mobile
1402,676,2026-02-20 19:00:00,google,cpc,global_eor_q1,/demo,IE,desktop
1403,676,2026-02-23 13:00:00,organic,seo,none,/demo,DE,desktop
1404,676,2026-02-26 16:00:00,partner,referral,partner_network,/webinar,DE,desktop
1405,677,2026-01-16 19:00:00,partner,referral,partner_network,/webinar,DE,mobile
1406,677,2026-01-19 17:00:00,google,cpc,payroll_search_q1,/demo,IE,desktop
1407,678,2026-02-15 18:00:00,organic,seo,none,/payroll,IE,desktop
1408,678,2026-02-18 11:00:00,organic,seo,none,/payroll,UK,mobile
1409,678,2026-02-21 16:00:00,partner,referral,partner_network,/payroll,IE,desktop
1410,678,2026-02-24 10:00:00,linkedin,paid_social,hr_leaders_demo,/demo,IE,desktop
1411,679,2026-01-04 15:00:00,webinar,event,global_hiring_event,/demo,UK,desktop
1412,679,2026-01-07 15:00:00,linkedin,paid_social,hr_leaders_demo,/webinar,UK,desktop
1413,679,2026-01-10 16:00:00,linkedin,paid_social,hr_leaders_demo,/blog/global-payroll,IE,desktop
1414,680,2026-01-29 15:00:00,organic,seo,none,/webinar,NL,desktop
1415,680,2026-02-01 15:00:00,webinar,event,global_hiring_event,/payroll,UK,mobile
1416,680,2026-02-04 19:00:00,linkedin,paid_social,hr_leaders_demo,/eor,DE,desktop
1417,680,2026-02-07 19:00:00,google,cpc,payroll_search_q1,/payroll,UK,desktop
1418,681,2026-01-19 11:00:00,linkedin,paid_social,remote_workforce_guide,/eor,DE,desktop
1419,681,2026-01-22 08:00:00,linkedin,paid_social,hr_leaders_demo,/blog/global-payroll,DE,mobile
1420,681,2026-01-25 13:00:00,webinar,event,january_payroll_webinar,/eor,IE,desktop
1421,681,2026-01-28 18:00:00,organic,seo,none,/blog/global-payroll,DE,mobile
1422,682,2026-01-16 11:00:00,google,cpc,global_eor_q1,/payroll,UK,desktop
1423,682,2026-01-19 13:00:00,webinar,event,january_payroll_webinar,/eor,DE,desktop
1424,683,2026-01-19 17:00:00,linkedin,paid_social,hr_leaders_demo,/webinar,IE,desktop
1425,684,2026-02-18 12:00:00,linkedin,paid_social,remote_workforce_guide,/payroll,NL,desktop
1426,684,2026-02-21 10:00:00,brand,direct,brand_search,/eor,NL,mobile
1427,684,2026-02-24 13:00:00,webinar,event,global_hiring_event,/blog/global-payroll,NL,desktop
1428,684,2026-02-27 15:00:00,webinar,event,january_payroll_webinar,/blog/global-payroll,IE,desktop
1429,685,2026-02-11 19:00:00,linkedin,paid_social,hr_leaders_demo,/demo,DE,mobile
1430,685,2026-02-14 13:00:00,google,cpc,global_eor_q1,/payroll,IE,mobile
1431,685,2026-02-17 11:00:00,google,cpc,payroll_search_q1,/demo,NL,desktop
1432,685,2026-02-20 12:00:00,organic,seo,none,/blog/global-payroll,UK,desktop
1433,686,2026-01-06 09:00:00,partner,referral,partner_network,/demo,NL,desktop
1434,686,2026-01-09 12:00:00,partner,referral,partner_network,/payroll,UK,desktop
1435,686,2026-01-12 16:00:00,linkedin,paid_social,hr_leaders_demo,/payroll,IE,desktop
1436,687,2026-01-23 15:00:00,google,cpc,global_eor_q1,/demo,DE,mobile
1437,687,2026-01-26 16:00:00,organic,seo,none,/webinar,IE,desktop
1438,687,2026-01-29 17:00:00,webinar,event,january_payroll_webinar,/eor,IE,mobile
1439,688,2026-02-03 18:00:00,linkedin,paid_social,hr_leaders_demo,/eor,IE,desktop
1440,689,2026-01-06 17:00:00,partner,referral,partner_network,/webinar,IE,mobile
1441,689,2026-01-09 09:00:00,partner,referral,partner_network,/payroll,UK,mobile
1442,690,2026-02-08 15:00:00,organic,seo,none,/blog/global-payroll,DE,desktop
1443,690,2026-02-11 08:00:00,google,cpc,payroll_search_q1,/webinar,NL,desktop
1444,690,2026-02-14 11:00:00,webinar,event,global_hiring_event,/webinar,DE,mobile
1445,691,2026-01-14 16:00:00,google,cpc,payroll_search_q1,/payroll,NL,mobile
1446,691,2026-01-17 16:00:00,google,cpc,payroll_search_q1,/demo,NL,desktop
1447,691,2026-01-20 10:00:00,linkedin,paid_social,remote_workforce_guide,/blog/global-payroll,DE,mobile
1448,691,2026-01-23 10:00:00,linkedin,paid_social,hr_leaders_demo,/demo,DE,desktop
1449,692,2026-01-08 19:00:00,linkedin,paid_social,hr_leaders_demo,/blog/global-payroll,IE,desktop
1450,692,2026-01-11 15:00:00,webinar,event,global_hiring_event,/payroll,NL,desktop
1451,693,2026-01-02 10:00:00,linkedin,paid_social,hr_leaders_demo,/demo,DE,desktop
1452,693,2026-01-05 08:00:00,brand,direct,brand_search,/blog/global-payroll,IE,desktop
1453,693,2026-01-08 19:00:00,linkedin,paid_social,remote_workforce_guide,/demo,IE,desktop
1454,693,2026-01-11 13:00:00,organic,seo,none,/demo,NL,desktop
1455,694,2026-02-15 08:00:00,linkedin,paid_social,hr_leaders_demo,/webinar,DE,desktop
1456,694,2026-02-18 09:00:00,webinar,event,global_hiring_event,/blog/global-payroll,UK,mobile
1457,694,2026-02-21 18:00:00,webinar,event,january_payroll_webinar,/eor,DE,desktop
1458,695,2026-01-20 12:00:00,partner,referral,partner_network,/demo,IE,desktop
1459,696,2026-02-21 13:00:00,brand,direct,brand_search,/demo,NL,desktop
1460,697,2026-01-02 19:00:00,partner,referral,partner_network,/eor,IE,desktop
1461,697,2026-01-05 19:00:00,partner,referral,partner_network,/blog/global-payroll,UK,desktop
1462,697,2026-01-08 15:00:00,webinar,event,global_hiring_event,/eor,IE,desktop
1463,698,2026-02-10 09:00:00,webinar,event,global_hiring_event,/demo,IE,desktop
1464,698,2026-02-13 08:00:00,organic,seo,none,/webinar,NL,desktop
1465,699,2026-01-27 11:00:00,organic,seo,none,/webinar,NL,desktop
1466,699,2026-01-30 15:00:00,linkedin,paid_social,remote_workforce_guide,/eor,NL,desktop
1467,699,2026-02-02 14:00:00,partner,referral,partner_network,/demo,NL,mobile
1468,700,2026-02-07 12:00:00,linkedin,paid_social,hr_leaders_demo,/eor,IE,desktop
1469,700,2026-02-10 11:00:00,webinar,event,global_hiring_event,/eor,DE,mobile
1470,700,2026-02-13 09:00:00,google,cpc,global_eor_q1,/eor,UK,desktop
1471,701,2026-02-28 15:00:00,google,cpc,payroll_search_q1,/blog/global-payroll,IE,desktop
1472,701,2026-03-03 18:00:00,linkedin,paid_social,remote_workforce_guide,/eor,IE,desktop
1473,701,2026-03-06 13:00:00,google,cpc,global_eor_q1,/eor,DE,mobile
1474,702,2026-02-11 19:00:00,webinar,event,global_hiring_event,/webinar,DE,desktop
1475,702,2026-02-14 19:00:00,organic,seo,none,/eor,NL,desktop
1476,702,2026-02-17 15:00:00,linkedin,paid_social,remote_workforce_guide,/webinar,IE,desktop
1477,703,2026-01-30 08:00:00,google,cpc,payroll_search_q1,/blog/global-payroll,IE,mobile
1478,704,2026-02-04 16:00:00,google,cpc,payroll_search_q1,/demo,NL,mobile
1479,705,2026-02-10 13:00:00,linkedin,paid_social,hr_leaders_demo,/webinar,UK,mobile
1480,705,2026-02-13 10:00:00,google,cpc,global_eor_q1,/payroll,IE,desktop
1481,706,2026-02-17 10:00:00,partner,referral,partner_network,/blog/global-payroll,IE,mobile
1482,707,2026-01-09 08:00:00,webinar,event,global_hiring_event,/eor,NL,desktop
1483,708,2026-02-09 19:00:00,linkedin,paid_social,remote_workforce_guide,/eor,DE,mobile
1484,708,2026-02-12 15:00:00,linkedin,paid_social,hr_leaders_demo,/demo,UK,desktop
1485,708,2026-02-15 11:00:00,webinar,event,january_payroll_webinar,/blog/global-payroll,NL,desktop
1486,709,2026-02-14 19:00:00,brand,direct,brand_search,/payroll,NL,desktop
1487,709,2026-02-17 08:00:00,webinar,event,global_hiring_event,/eor,UK,desktop
1488,709,2026-02-20 17:00:00,organic,seo,none,/demo,NL,desktop
1489,709,2026-02-23 16:00:00,organic,seo,none,/webinar,IE,desktop
1490,710,2026-01-14 11:00:00,organic,seo,none,/eor,IE,desktop
1491,710,2026-01-17 08:00:00,partner,referral,partner_network,/demo,NL,desktop
1492,710,2026-01-20 12:00:00,linkedin,paid_social,hr_leaders_demo,/eor,NL,desktop
1493,710,2026-01-23 16:00:00,linkedin,paid_social,hr_leaders_demo,/webinar,IE,desktop
1494,711,2026-01-21 14:00:00,linkedin,paid_social,hr_leaders_demo,/eor,DE,desktop
1495,711,2026-01-24 10:00:00,webinar,event,january_payroll_webinar,/webinar,DE,desktop
1496,711,2026-01-27 19:00:00,linkedin,paid_social,hr_leaders_demo,/blog/global-payroll,NL,mobile
1497,711,2026-01-30 19:00:00,webinar,event,january_payroll_webinar,/eor,IE,mobile
1498,712,2026-02-27 16:00:00,webinar,event,january_payroll_webinar,/webinar,DE,desktop
1499,712,2026-03-02 09:00:00,organic,seo,none,/payroll,UK,desktop
1500,712,2026-03-05 11:00:00,partner,referral,partner_network,/payroll,IE,desktop
1501,712,2026-03-08 11:00:00,linkedin,paid_social,hr_leaders_demo,/eor,NL,desktop
1502,713,2026-02-10 16:00:00,brand,direct,brand_search,/payroll,UK,mobile
1503,713,2026-02-13 09:00:00,organic,seo,none,/demo,UK,desktop
1504,713,2026-02-16 10:00:00,google,cpc,payroll_search_q1,/demo,IE,mobile
1505,714,2026-01-03 15:00:00,organic,seo,none,/payroll,IE,desktop
1506,714,2026-01-06 18:00:00,organic,seo,none,/eor,DE,desktop
1507,715,2026-02-06 08:00:00,google,cpc,global_eor_q1,/eor,DE,mobile
1508,715,2026-02-09 12:00:00,google,cpc,payroll_search_q1,/demo,UK,desktop
1509,716,2026-02-24 13:00:00,organic,seo,none,/payroll,UK,desktop
1510,717,2026-02-01 19:00:00,partner,referral,partner_network,/blog/global-payroll,DE,mobile
1511,717,2026-02-04 18:00:00,google,cpc,payroll_search_q1,/payroll,DE,desktop
1512,718,2026-03-01 14:00:00,webinar,event,global_hiring_event,/blog/global-payroll,IE,desktop
1513,718,2026-03-04 08:00:00,google,cpc,global_eor_q1,/blog/global-payroll,DE,desktop
1514,718,2026-03-07 19:00:00,organic,seo,none,/demo,DE,desktop
1515,718,2026-03-10 18:00:00,webinar,event,january_payroll_webinar,/eor,UK,mobile
1516,719,2026-02-03 15:00:00,partner,referral,partner_network,/blog/global-payroll,UK,desktop
1517,719,2026-02-06 09:00:00,webinar,event,january_payroll_webinar,/demo,DE,mobile
1518,719,2026-02-09 18:00:00,linkedin,paid_social,remote_workforce_guide,/demo,NL,desktop
1519,719,2026-02-12 13:00:00,linkedin,paid_social,hr_leaders_demo,/webinar,DE,desktop
1520,720,2026-02-06 12:00:00,partner,referral,partner_network,/payroll,NL,desktop
1521,720,2026-02-09 11:00:00,partner,referral,partner_network,/payroll,NL,desktop
1522,721,2026-01-13 11:00:00,organic,seo,none,/eor,IE,mobile
1523,722,2026-01-04 16:00:00,brand,direct,brand_search,/eor,IE,desktop
1524,722,2026-01-07 18:00:00,webinar,event,january_payroll_webinar,/demo,DE,desktop
1525,723,2026-02-14 08:00:00,google,cpc,global_eor_q1,/blog/global-payroll,IE,mobile
1526,723,2026-02-17 10:00:00,organic,seo,none,/eor,NL,desktop
1527,723,2026-02-20 09:00:00,brand,direct,brand_search,/demo,NL,desktop
1528,723,2026-02-23 19:00:00,brand,direct,brand_search,/payroll,NL,desktop
1529,724,2026-02-27 14:00:00,organic,seo,none,/webinar,NL,desktop
1530,724,2026-03-02 11:00:00,organic,seo,none,/demo,DE,mobile
1531,724,2026-03-05 18:00:00,brand,direct,brand_search,/webinar,DE,mobile
1532,724,2026-03-08 18:00:00,google,cpc,global_eor_q1,/blog/global-payroll,IE,mobile
1533,725,2026-02-10 19:00:00,partner,referral,partner_network,/eor,DE,desktop
1534,725,2026-02-13 19:00:00,brand,direct,brand_search,/blog/global-payroll,NL,desktop
1535,725,2026-02-16 11:00:00,linkedin,paid_social,remote_workforce_guide,/demo,IE,desktop
1536,725,2026-02-19 18:00:00,linkedin,paid_social,hr_leaders_demo,/eor,DE,desktop
1537,726,2026-02-22 09:00:00,brand,direct,brand_search,/blog/global-payroll,DE,desktop
1538,726,2026-02-25 14:00:00,organic,seo,none,/webinar,DE,desktop
1539,726,2026-02-28 11:00:00,google,cpc,global_eor_q1,/eor,IE,mobile
1540,727,2026-01-08 13:00:00,google,cpc,global_eor_q1,/demo,IE,desktop
1541,727,2026-01-11 14:00:00,organic,seo,none,/payroll,NL,mobile
1542,727,2026-01-14 10:00:00,google,cpc,payroll_search_q1,/payroll,UK,desktop
1543,727,2026-01-17 19:00:00,organic,seo,none,/payroll,IE,desktop
1544,728,2026-01-30 10:00:00,brand,direct,brand_search,/demo,UK,desktop
1545,728,2026-02-02 14:00:00,partner,referral,partner_network,/demo,IE,desktop
1546,728,2026-02-05 12:00:00,organic,seo,none,/webinar,NL,mobile
1547,728,2026-02-08 16:00:00,partner,referral,partner_network,/eor,NL,mobile
1548,729,2026-02-09 09:00:00,linkedin,paid_social,remote_workforce_guide,/blog/global-payroll,UK,desktop
1549,729,2026-02-12 15:00:00,linkedin,paid_social,hr_leaders_demo,/blog/global-payroll,IE,mobile
1550,729,2026-02-15 10:00:00,google,cpc,global_eor_q1,/payroll,NL,desktop
1551,730,2026-02-11 13:00:00,google,cpc,payroll_search_q1,/payroll,UK,mobile
1552,730,2026-02-14 19:00:00,webinar,event,global_hiring_event,/demo,NL,desktop
1553,731,2026-02-24 14:00:00,brand,direct,brand_search,/webinar,DE,desktop
1554,731,2026-02-27 12:00:00,organic,seo,none,/webinar,IE,desktop
1555,731,2026-03-02 16:00:00,linkedin,paid_social,remote_workforce_guide,/eor,DE,desktop
1556,731,2026-03-05 17:00:00,linkedin,paid_social,remote_workforce_guide,/blog/global-payroll,NL,desktop
1557,732,2026-02-19 11:00:00,webinar,event,january_payroll_webinar,/blog/global-payroll,IE,mobile
1558,732,2026-02-22 19:00:00,webinar,event,january_payroll_webinar,/payroll,UK,mobile
1559,733,2026-01-11 08:00:00,linkedin,paid_social,hr_leaders_demo,/eor,DE,desktop
1560,733,2026-01-14 09:00:00,webinar,event,global_hiring_event,/eor,DE,desktop
1561,733,2026-01-17 13:00:00,organic,seo,none,/webinar,NL,mobile
1562,734,2026-01-28 08:00:00,google,cpc,global_eor_q1,/demo,IE,mobile
1563,735,2026-01-04 10:00:00,webinar,event,january_payroll_webinar,/demo,IE,desktop
1564,735,2026-01-07 10:00:00,brand,direct,brand_search,/webinar,IE,desktop
1565,735,2026-01-10 08:00:00,organic,seo,none,/blog/global-payroll,DE,mobile
1566,735,2026-01-13 14:00:00,webinar,event,january_payroll_webinar,/webinar,DE,desktop
1567,736,2026-01-24 08:00:00,webinar,event,global_hiring_event,/eor,UK,desktop
1568,737,2026-01-19 12:00:00,organic,seo,none,/payroll,IE,desktop
1569,737,2026-01-22 19:00:00,brand,direct,brand_search,/eor,DE,desktop
1570,737,2026-01-25 10:00:00,google,cpc,payroll_search_q1,/eor,NL,mobile
1571,737,2026-01-28 12:00:00,google,cpc,global_eor_q1,/blog/global-payroll,DE,mobile
1572,738,2026-01-09 13:00:00,partner,referral,partner_network,/eor,NL,desktop
1573,739,2026-02-14 15:00:00,linkedin,paid_social,remote_workforce_guide,/blog/global-payroll,UK,mobile
1574,740,2026-02-13 19:00:00,google,cpc,payroll_search_q1,/eor,NL,desktop
1575,740,2026-02-16 16:00:00,google,cpc,global_eor_q1,/payroll,IE,desktop
1576,741,2026-01-10 12:00:00,google,cpc,payroll_search_q1,/payroll,UK,mobile
1577,742,2026-01-10 10:00:00,google,cpc,global_eor_q1,/eor,NL,desktop
1578,742,2026-01-13 18:00:00,google,cpc,global_eor_q1,/blog/global-payroll,UK,desktop
1579,743,2026-01-01 19:00:00,linkedin,paid_social,remote_workforce_guide,/eor,NL,desktop
1580,743,2026-01-04 13:00:00,partner,referral,partner_network,/webinar,UK,mobile
1581,744,2026-02-10 13:00:00,google,cpc,global_eor_q1,/webinar,IE,mobile
1582,744,2026-02-13 11:00:00,organic,seo,none,/eor,UK,desktop
1583,745,2026-02-12 14:00:00,webinar,event,global_hiring_event,/demo,IE,desktop
1584,745,2026-02-15 14:00:00,partner,referral,partner_network,/eor,NL,desktop
1585,745,2026-02-18 11:00:00,linkedin,paid_social,remote_workforce_guide,/demo,IE,desktop
1586,745,2026-02-21 19:00:00,google,cpc,global_eor_q1,/blog/global-payroll,DE,desktop
1587,746,2026-01-26 14:00:00,brand,direct,brand_search,/webinar,NL,mobile
1588,746,2026-01-29 19:00:00,organic,seo,none,/eor,IE,desktop
1589,746,2026-02-01 17:00:00,google,cpc,global_eor_q1,/payroll,IE,mobile
1590,746,2026-02-04 18:00:00,organic,seo,none,/webinar,IE,desktop
1591,747,2026-02-16 18:00:00,google,cpc,global_eor_q1,/eor,IE,mobile
1592,747,2026-02-19 13:00:00,linkedin,paid_social,remote_workforce_guide,/eor,DE,desktop
1593,747,2026-02-22 17:00:00,webinar,event,january_payroll_webinar,/payroll,IE,desktop
1594,747,2026-02-25 15:00:00,google,cpc,payroll_search_q1,/eor,UK,desktop
1595,748,2026-01-15 17:00:00,linkedin,paid_social,hr_leaders_demo,/webinar,UK,desktop
1596,748,2026-01-18 09:00:00,partner,referral,partner_network,/payroll,UK,desktop
1597,749,2026-01-03 15:00:00,google,cpc,payroll_search_q1,/webinar,DE,desktop
1598,749,2026-01-06 18:00:00,google,cpc,global_eor_q1,/payroll,DE,desktop
1599,750,2026-01-06 11:00:00,google,cpc,global_eor_q1,/blog/global-payroll,NL,desktop
1600,750,2026-01-09 16:00:00,brand,direct,brand_search,/blog/global-payroll,DE,desktop
1601,750,2026-01-12 14:00:00,brand,direct,brand_search,/payroll,UK,desktop
1602,750,2026-01-15 18:00:00,partner,referral,partner_network,/webinar,UK,desktop
1603,751,2026-02-22 09:00:00,brand,direct,brand_search,/webinar,UK,desktop
1604,751,2026-02-25 08:00:00,webinar,event,january_payroll_webinar,/eor,DE,mobile
1605,751,2026-02-28 13:00:00,webinar,event,global_hiring_event,/eor,IE,desktop
1606,752,2026-01-28 17:00:00,brand,direct,brand_search,/demo,IE,desktop
1607,753,2026-02-09 15:00:00,partner,referral,partner_network,/demo,UK,desktop
1608,753,2026-02-12 10:00:00,google,cpc,payroll_search_q1,/webinar,IE,desktop
1609,753,2026-02-15 15:00:00,linkedin,paid_social,hr_leaders_demo,/demo,UK,mobile
1610,753,2026-02-18 14:00:00,google,cpc,global_eor_q1,/demo,NL,desktop
1611,754,2026-02-04 14:00:00,google,cpc,global_eor_q1,/payroll,UK,desktop
1612,754,2026-02-07 11:00:00,brand,direct,brand_search,/webinar,DE,desktop
1613,755,2026-02-19 17:00:00,brand,direct,brand_search,/webinar,NL,desktop
1614,756,2026-02-28 16:00:00,google,cpc,global_eor_q1,/payroll,IE,desktop
1615,756,2026-03-03 16:00:00,partner,referral,partner_network,/webinar,NL,desktop
1616,757,2026-02-25 10:00:00,organic,seo,none,/blog/global-payroll,UK,mobile
1617,757,2026-02-28 14:00:00,google,cpc,global_eor_q1,/payroll,NL,desktop
1618,757,2026-03-03 14:00:00,webinar,event,global_hiring_event,/blog/global-payroll,DE,desktop
1619,758,2026-01-29 10:00:00,linkedin,paid_social,remote_workforce_guide,/blog/global-payroll,UK,desktop
1620,759,2026-02-27 12:00:00,brand,direct,brand_search,/eor,DE,desktop
1621,759,2026-03-02 11:00:00,partner,referral,partner_network,/payroll,IE,mobile
1622,759,2026-03-05 10:00:00,webinar,event,global_hiring_event,/eor,IE,desktop
1623,759,2026-03-08 14:00:00,linkedin,paid_social,hr_leaders_demo,/webinar,DE,desktop
1624,760,2026-02-10 16:00:00,google,cpc,payroll_search_q1,/webinar,IE,mobile
1625,760,2026-02-13 13:00:00,google,cpc,global_eor_q1,/webinar,NL,desktop
1626,761,2026-01-22 19:00:00,webinar,event,global_hiring_event,/demo,DE,desktop
1627,761,2026-01-25 14:00:00,linkedin,paid_social,remote_workforce_guide,/payroll,UK,desktop
1628,761,2026-01-28 18:00:00,webinar,event,january_payroll_webinar,/eor,UK,desktop
1629,762,2026-02-23 15:00:00,linkedin,paid_social,remote_workforce_guide,/webinar,UK,desktop
1630,762,2026-02-26 18:00:00,webinar,event,january_payroll_webinar,/payroll,UK,desktop
1631,762,2026-03-01 16:00:00,linkedin,paid_social,hr_leaders_demo,/demo,NL,desktop
1632,763,2026-01-17 11:00:00,organic,seo,none,/eor,DE,mobile
1633,764,2026-02-18 16:00:00,organic,seo,none,/demo,NL,mobile
1634,764,2026-02-21 09:00:00,linkedin,paid_social,remote_workforce_guide,/demo,UK,mobile
1635,765,2026-02-27 16:00:00,webinar,event,january_payroll_webinar,/payroll,DE,desktop
1636,765,2026-03-02 13:00:00,google,cpc,payroll_search_q1,/blog/global-payroll,NL,desktop
1637,765,2026-03-05 08:00:00,google,cpc,payroll_search_q1,/webinar,DE,desktop
1638,766,2026-01-03 11:00:00,organic,seo,none,/blog/global-payroll,UK,desktop
1639,767,2026-02-21 17:00:00,google,cpc,global_eor_q1,/payroll,IE,desktop
1640,767,2026-02-24 10:00:00,organic,seo,none,/eor,IE,mobile
1641,767,2026-02-27 08:00:00,google,cpc,global_eor_q1,/demo,NL,mobile
1642,768,2026-02-17 10:00:00,partner,referral,partner_network,/demo,NL,desktop
1643,769,2026-01-10 11:00:00,partner,referral,partner_network,/blog/global-payroll,DE,desktop
1644,769,2026-01-13 16:00:00,partner,referral,partner_network,/webinar,NL,desktop
1645,769,2026-01-16 10:00:00,organic,seo,none,/payroll,NL,mobile
1646,770,2026-01-18 15:00:00,google,cpc,payroll_search_q1,/eor,IE,desktop
1647,770,2026-01-21 12:00:00,linkedin,paid_social,hr_leaders_demo,/blog/global-payroll,IE,mobile
1648,770,2026-01-24 19:00:00,linkedin,paid_social,remote_workforce_guide,/webinar,UK,desktop
1649,771,2026-02-19 10:00:00,linkedin,paid_social,remote_workforce_guide,/webinar,DE,desktop
1650,772,2026-02-08 11:00:00,brand,direct,brand_search,/demo,NL,mobile
1651,772,2026-02-11 15:00:00,google,cpc,payroll_search_q1,/payroll,IE,mobile
1652,772,2026-02-14 17:00:00,google,cpc,global_eor_q1,/payroll,UK,desktop
1653,773,2026-02-10 17:00:00,webinar,event,global_hiring_event,/eor,IE,desktop
1654,773,2026-02-13 18:00:00,linkedin,paid_social,hr_leaders_demo,/payroll,UK,desktop
1655,773,2026-02-16 19:00:00,linkedin,paid_social,remote_workforce_guide,/payroll,UK,mobile
1656,773,2026-02-19 14:00:00,organic,seo,none,/demo,IE,mobile
1657,774,2026-01-27 11:00:00,linkedin,paid_social,remote_workforce_guide,/demo,NL,desktop
1658,774,2026-01-30 12:00:00,organic,seo,none,/payroll,UK,mobile
1659,774,2026-02-02 17:00:00,linkedin,paid_social,hr_leaders_demo,/eor,NL,desktop
1660,774,2026-02-05 11:00:00,linkedin,paid_social,hr_leaders_demo,/blog/global-payroll,UK,mobile
1661,775,2026-01-19 17:00:00,google,cpc,global_eor_q1,/demo,UK,mobile
1662,776,2026-02-28 11:00:00,webinar,event,global_hiring_event,/eor,IE,desktop
1663,777,2026-02-14 08:00:00,organic,seo,none,/eor,NL,mobile
1664,778,2026-02-05 17:00:00,webinar,event,global_hiring_event,/eor,UK,desktop
1665,778,2026-02-08 10:00:00,linkedin,paid_social,remote_workforce_guide,/demo,IE,mobile
1666,779,2026-02-16 18:00:00,linkedin,paid_social,hr_leaders_demo,/demo,UK,mobile
1667,779,2026-02-19 18:00:00,google,cpc,global_eor_q1,/eor,UK,mobile
1668,779,2026-02-22 14:00:00,google,cpc,global_eor_q1,/webinar,DE,desktop
1669,779,2026-02-25 08:00:00,brand,direct,brand_search,/eor,UK,desktop
1670,780,2026-02-03 09:00:00,google,cpc,global_eor_q1,/payroll,IE,desktop
1671,780,2026-02-06 14:00:00,google,cpc,payroll_search_q1,/payroll,UK,desktop
1672,780,2026-02-09 15:00:00,organic,seo,none,/demo,UK,desktop
1673,780,2026-02-12 18:00:00,linkedin,paid_social,remote_workforce_guide,/demo,UK,desktop
1674,781,2026-01-06 14:00:00,webinar,event,january_payroll_webinar,/blog/global-payroll,NL,mobile
1675,782,2026-01-09 18:00:00,google,cpc,global_eor_q1,/payroll,IE,mobile
1676,783,2026-03-01 15:00:00,partner,referral,partner_network,/blog/global-payroll,UK,desktop
1677,783,2026-03-04 19:00:00,brand,direct,brand_search,/payroll,UK,desktop
1678,783,2026-03-07 17:00:00,webinar,event,january_payroll_webinar,/webinar,NL,desktop
1679,784,2026-02-12 11:00:00,organic,seo,none,/blog/global-payroll,DE,desktop
1680,784,2026-02-15 13:00:00,webinar,event,global_hiring_event,/eor,IE,mobile
1681,784,2026-02-18 12:00:00,google,cpc,global_eor_q1,/payroll,NL,desktop
1682,785,2026-01-03 11:00:00,partner,referral,partner_network,/demo,DE,mobile
1683,785,2026-01-06 19:00:00,google,cpc,payroll_search_q1,/demo,NL,desktop
1684,785,2026-01-09 17:00:00,linkedin,paid_social,remote_workforce_guide,/eor,IE,desktop
1685,786,2026-02-24 11:00:00,brand,direct,brand_search,/payroll,IE,desktop
1686,786,2026-02-27 08:00:00,brand,direct,brand_search,/eor,IE,mobile
1687,786,2026-03-02 10:00:00,google,cpc,global_eor_q1,/eor,UK,mobile
1688,786,2026-03-05 19:00:00,partner,referral,partner_network,/demo,UK,desktop
1689,787,2026-01-09 12:00:00,google,cpc,global_eor_q1,/webinar,NL,desktop
1690,787,2026-01-12 14:00:00,google,cpc,global_eor_q1,/eor,DE,desktop
1691,788,2026-02-06 09:00:00,webinar,event,global_hiring_event,/eor,UK,desktop
1692,788,2026-02-09 17:00:00,google,cpc,global_eor_q1,/payroll,UK,desktop
1693,789,2026-02-05 17:00:00,google,cpc,payroll_search_q1,/demo,UK,desktop
1694,789,2026-02-08 10:00:00,google,cpc,payroll_search_q1,/blog/global-payroll,NL,desktop
1695,789,2026-02-11 08:00:00,organic,seo,none,/eor,DE,desktop
1696,790,2026-02-16 09:00:00,webinar,event,global_hiring_event,/demo,IE,mobile
1697,790,2026-02-19 08:00:00,organic,seo,none,/webinar,NL,mobile
1698,790,2026-02-22 15:00:00,linkedin,paid_social,remote_workforce_guide,/eor,DE,desktop
1699,790,2026-02-25 10:00:00,webinar,event,january_payroll_webinar,/payroll,IE,mobile
1700,791,2026-02-18 18:00:00,organic,seo,none,/eor,DE,desktop
1701,792,2026-01-29 17:00:00,organic,seo,none,/blog/global-payroll,NL,desktop
1702,792,2026-02-01 15:00:00,webinar,event,global_hiring_event,/eor,IE,mobile
1703,792,2026-02-04 10:00:00,partner,referral,partner_network,/blog/global-payroll,DE,desktop
1704,793,2026-01-14 10:00:00,organic,seo,none,/payroll,IE,mobile
1705,793,2026-01-17 12:00:00,organic,seo,none,/eor,NL,desktop
1706,793,2026-01-20 09:00:00,linkedin,paid_social,remote_workforce_guide,/blog/global-payroll,DE,desktop
1707,794,2026-01-15 16:00:00,google,cpc,global_eor_q1,/webinar,UK,desktop
1708,794,2026-01-18 11:00:00,partner,referral,partner_network,/webinar,DE,desktop
1709,794,2026-01-21 10:00:00,linkedin,paid_social,remote_workforce_guide,/demo,DE,desktop
1710,794,2026-01-24 11:00:00,organic,seo,none,/demo,UK,desktop
1711,795,2026-01-27 09:00:00,linkedin,paid_social,remote_workforce_guide,/eor,IE,desktop
1712,795,2026-01-30 15:00:00,partner,referral,partner_network,/eor,NL,mobile
1713,795,2026-02-02 12:00:00,organic,seo,none,/webinar,UK,mobile
1714,795,2026-02-05 08:00:00,organic,seo,none,/demo,IE,desktop
1715,796,2026-01-29 19:00:00,linkedin,paid_social,hr_leaders_demo,/blog/global-payroll,UK,mobile
1716,796,2026-02-01 14:00:00,brand,direct,brand_search,/demo,IE,desktop
1717,796,2026-02-04 12:00:00,partner,referral,partner_network,/webinar,UK,mobile
1718,796,2026-02-07 18:00:00,linkedin,paid_social,remote_workforce_guide,/demo,IE,desktop
1719,797,2026-01-02 19:00:00,linkedin,paid_social,remote_workforce_guide,/blog/global-payroll,DE,desktop
1720,797,2026-01-05 09:00:00,google,cpc,payroll_search_q1,/blog/global-payroll,DE,mobile
1721,797,2026-01-08 08:00:00,webinar,event,global_hiring_event,/eor,DE,desktop
1722,798,2026-01-30 19:00:00,google,cpc,global_eor_q1,/payroll,UK,desktop
1723,798,2026-02-02 13:00:00,organic,seo,none,/payroll,DE,mobile
1724,798,2026-02-05 14:00:00,partner,referral,partner_network,/blog/global-payroll,UK,desktop
1725,799,2026-02-02 08:00:00,linkedin,paid_social,hr_leaders_demo,/webinar,IE,mobile
1726,799,2026-02-05 19:00:00,partner,referral,partner_network,/payroll,NL,desktop
1727,799,2026-02-08 18:00:00,partner,referral,partner_network,/webinar,DE,mobile
1728,799,2026-02-11 09:00:00,partner,referral,partner_network,/demo,IE,desktop
